---QUERIES

----CUSTOMER table
CREATE TABLE CUSTOMER (
ID NUMBER(20),
NAME VARCHAR(30),
ADDRESS VARCHAR(50),
CONTACT_NO NUMBER(10)
);

INSERT INTO CUSTOMER VALUES (001,'ADITYA','PANVEL',8928818681);
INSERT INTO CUSTOMER VALUES (002,'VIMAL','KHARGHAR',7739845600);
INSERT INTO CUSTOMER VALUES (003,'SHRADDHA','SEAWOODS',9702998118);
INSERT INTO CUSTOMER VALUES (004,'SHREYA','KAMOTHE',8925597541);
INSERT INTO CUSTOMER VALUES (005,'ABHILASH','AIROLI',9653985448);
INSERT INTO CUSTOMER VALUES (006,'EDWIN','ANDHERI',8925571695);
INSERT INTO CUSTOMER VALUES (007,'VIRAJ','AIROLI',7730219833);
INSERT INTO CUSTOMER VALUES (008,'PRASAD','KHARGHAR',9632895005);
INSERT INTO CUSTOMER VALUES (009,'SEBASTIAN','SEAWOODS',7796158900);
INSERT INTO CUSTOMER VALUES (010,'ANKUR','KAMOTHE',8652596605);
SELECT * FROM CUSTOMER;



--Change customer address as kalamboli where name is Aditya.
UPDATE CUSTOMER SET ADDRESS='KALAMBOLI' WHERE NAME='ADITYA';
SELECT * FROM CUSTOMER;


--Remove customer whose name is Edwin.
DELETE FROM CUSTOMER WHERE NAME='EDWIN';
Select * from CUSTOMER;



--Display Customer who stay in kalamboli or kharghar
SELECT * FROM CUSTOMER WHERE ADDRESS='KALAMBOLI' OR ADDRESS='KHARGHAR';



----LOGIN table
CREATE TABLE LOGIN (
USERNAME VARCHAR(30)
PASSWORD VARCHAR(20)
);

INSERT INTO LOGIN VALUES ('ADITYA','adi021');
INSERT INTO LOGIN VALUES ('VIMAL','vimal655');
INSERT INTO LOGIN VALUES ('SHRADDHA','shrad@a');
INSERT INTO LOGIN VALUES ('SHREYA','shreya0946');
INSERT INTO LOGIN VALUES ('ABHILASH','abhi976');
INSERT INTO LOGIN VALUES ('EDWIN','edwin973');
INSERT INTO LOGIN VALUES ('VIRAJ','viraj@634');
INSERT INTO LOGIN VALUES ('PRASAD','prasad@653');
INSERT INTO LOGIN VALUES ('SEBASTIAN','sebastian948');
INSERT INTO LOGIN VALUES ('ANKUR','ankur613');
SELECT * FROM LOGIN;




--Change customer password as vimal@365 where name is VIMAL.
UPDATE LOGIN SET PASSWORD='vimal@365' WHERE USERNAME='VIMAL';
SELECT * FROM LOGIN;



--Remove entire table.
DROP TABLE LOGIN;



----ONLINE SHOP Table 
CREATE TABLE ONLINE_SHOP (
NAME VARCHAR(20),
ADDRESS VARCHAR(30),
CONTACT_NO NUMBER(10)
);



INSERT INTO ONLINE_SHOP VALUES ('VIJAY SALES','PANVEL',8928818681);
INSERT INTO ONLINE_SHOP VALUES ('KINGS ELECTRONICS','KHARGHAR',7739845600);
INSERT INTO ONLINE_SHOP VALUES ('CROMA','SEAWOODS',9970299118);
INSERT INTO ONLINE_SHOP VALUES ('RELIANCE DIGI','KAMOTHE',8925597541);
INSERT INTO ONLINE_SHOP VALUES ('DG1','AIROLI',9653985448);
SELECT * FROM ONLINE_SHOP;




--Display Name and Address from online shop table.
SELECT NAME, ADDRESS FROM ONLINE_SHOP;



--Display online_shop whose name begins with ‘K’ character
SELECT * FROM ONLINE_SHOP WHERE NAME LIKE '%K%';



----PRODUCT table
CREATE TABLE PRODUCT (
NAME VARCHAR(20),
QUANTITY NUMBER(20),
PRICE NUMBER(20),
CODE NUMBER(10),
DELIVERY_DATE VARCHAR(30)
);

INSERT INTO PRODUCT VALUES ('TV',01,10000,010,'2-AUGUST-2021');
INSERT INTO PRODUCT VALUES ('SOUNDBARS',03,850,011,'2-AUGUST-2021');
INSERT INTO PRODUCT VALUES ('FRIDGE',01,50000,012,'2-AUGUST-2021');
INSERT INTO PRODUCT VALUES ('WASHING MACHINE',01,38000,013,'3-AUGUST-2021');
INSERT INTO PRODUCT VALUES ('SMART WATCH',01,5600,014,'3-AUGUST-2021');
INSERT INTO PRODUCT VALUES ('SOUNDBARS',05,15000,011,'3-AUGUST-2021');
INSERT INTO PRODUCT VALUES ('HOME THEATRE',02,12500,016,'4-AUGUST-2021');
INSERT INTO PRODUCT VALUES ('FRIDGE',01,49500,012,'4-AUGUST-2021');
INSERT INTO PRODUCT VALUES ('SMART PHONE',08,7801,019,'4-AUGUST-2021');
INSERT INTO PRODUCT VALUES ('LAPTOP',09,95000,210,'5-AUGUST-2021');
SELECT * FROM PRODUCT;


 

--Display highest priice from product table.
SELECT MAX (PRICE) FROM PRODUCT;
 

--Display price code from product table.
SELECT PRICE, CODE FROM PRODUCT;

 

----ORDER table
CREATE TABLE ORDERS(
ORDERS_ID NUMBER(20),
ORDERS_DATE VARCHAR(30),
ORDER_AMOUNT NUMBER(10)
);

INSERT INTO ORDERS VALUES (001,'2-AUGUST-2021',10000);
INSERT INTO ORDERS VALUES (002,'2-AUGUST-2021',850);
INSERT INTO ORDERS VALUES (003,'2-AUGUST-2021',50000);
INSERT INTO ORDERS VALUES (004,'3-AUGUST-2021',38000);
INSERT INTO ORDERS VALUES (005,'3-AUGUST-2021',5600);
INSERT INTO ORDERS VALUES (006,'3-AUGUST-2021',15000);
INSERT INTO ORDERS VALUES (007,'4-AUGUST-2021',12500);
INSERT INTO ORDERS VALUES (008,'4-AUGUST-2021',49500);
INSERT INTO ORDERS VALUES (009,'4-AUGUST-2021',7801);
INSERT INTO ORDERS VALUES (010,'5-AUGUST-2021',95000);
SELECT * FROM ORDERS;


 

--Change order amount as 5000 whose order id is 002.
UPDATE ORDERS SET ORDER_AMOUNT=5000 WHERE ORDERS_ID=002;
SELECT * FROM ORDERS;




--Display orders whose order amount is more than 10000.
SELECT * FROM ORDERS WHERE ORDER_AMOUNT>10000;





----PAYMENT table
CREATE TABLE PAYMENT (
PAYMENT_ID NUMBER(30),
PRICE NUMBER(20)
);

INSERT INTO PAYMENT VALUES (239846,10000);
INSERT INTO PAYMENT VALUES (236542,850);
INSERT INTO PAYMENT VALUES (236598,50000);
INSERT INTO PAYMENT VALUES (236598,38000);
INSERT INTO PAYMENT VALUES (239865,5600);
INSERT INTO PAYMENT VALUES (236598,15000);
INSERT INTO PAYMENT VALUES (236542,12500);
INSERT INTO PAYMENT VALUES (236546,49500);
INSERT INTO PAYMENT VALUES (234569,7801);
INSERT INTO PAYMENT VALUES (236548,95000);
SELECT * FROM PAYMENT;




--Display Price from payment table;
SELECT PRICE FROM PAYMENT;


 

--Display total price from payment table
SELECT SUM(PRICE) FROM PAYMENT;


--Add new column name as REFERAL_CODE and change all REFERAL_CODE as ‘XAZ12’.
ALTER TABLE PAYMENT ADD (REFERAL_CODE VARCHAR(20));
UPDATE PAYMENT SET REFERAL_CODE='XAZ12';
SELECT * FROM PAYMENT;




----BILL table
CREATE TABLE BILLS(
BILL_NAME VARCHAR(20),
BILL_DATE VARCHAR(20),
BILL_NUMBER NUMBER(10),
BILL_AMOUNT NUMBER(20)
);

INSERT INTO BILLS VALUES ('ADITYA','2-AUGUST-2021',01425,10000);
INSERT INTO BILLS VALUES ('VIMAL','2-AUGUST-2021',65904,850);
INSERT INTO BILLS VALUES ('SHRADDHA','2-AUGUST-2021',26620,50000);
INSERT INTO BILLS VALUES ('SHREYA','3-AUGUST-2021',6520,38000);
INSERT INTO BILLS VALUES ('ABHILASH','3-AUGUST-2021',6980,5600);
INSERT INTO BILLS VALUES ('EDWIN','3-AUGUST-2021',0260,15000);
INSERT INTO BILLS VALUES ('VIRAJ','4-AUGUST-2021',0980,12500);
INSERT INTO BILLS VALUES ('PRASAD','4-AUGUST-2021',3250,49500);
INSERT INTO BILLS VALUES ('SEBASTIAN','4-AUGUST-2021',0198,7801);
INSERT INTO BILLS VALUES ('ANKUR','5-AUGUST-2021',0365,95000);
SELECT * FROM BILLS;


--Display your bill by combining bill name and bill no.
SELECT CONCAT(BILL_NAME, BILL_NUMBER) FROM BILLS;



--Select bill name from bills table.
SELECT BILL_NAME FROM BILLS;


--Remove column BILL_NUMBER from BILLS table.
ALTER TABLE BILLS DROP COLUMN BILL_NUMBER;
SELECT * FROM BILLS;

